FILENAME,BJD_TDB,RV,RV_ERR,BC,ADU,CHI2
"r20040823.125",13240.73218100006,-6.706065680848639,1.27893,-10645.44140625000,123166,1.41382
"r20050128.236",13399.03888300015,-2.411976110766254,1.04369,19848.08789062500,93770,1.21596
"r20050301.117",13431.11020400003,2.329509872635747,1.01200,6040.331054687500,92343,1.07635
"r20050629.11",13550.81747800019,0.3415328442321197,1.36486,-26457.02539062500,28399,1.08233
"r20051219.189",13724.13173200004,-0.3304997859205230,1.11435,27928.92382812500,96505,1.13480
"r20060209.222",13776.04142299993,-5.068346958988776,1.20756,15323.30566406250,30050,1.06168
"r20060715.133",13931.81667600013,2.535842417228196,1.57136,-23845.63476562500,27470,1.04629
