HIRESName,FILENAME,RV
HD4628,r20100731.225,-8.140059254909453
HD745,r20100701.131,-15.858897909335383
HD1449,r20110123.66,-26.16763376171775
HD19034,r20160124.107,-5.00868917720436
HD6512,r20110904.140,-34.288781611553176
HD5873,r20120827.127,-808.3884361782303
HD8250,r20101017.170,-40.44389865709722
HD118744,r20070426.143,44.283598672541636
