HIRESName,FILENAME,SNR
HD1449,r20100719.67,149.5635986328125
HD5873,r20100723.63,109.07611083984375
HD118744,r20070426.143,132.95980834960938
