FILENAME,BJD_TDB,RV,RV_ERR,BC,ADU,CHI2
"r20100701.131",15379.12803199980,-15.85889790933538,1.18452,29110.34375000000,24647,1.13560
"r20100930.155",15470.01152499998,-12.14433575068085,1.16081,-1083.824951171875,25411,1.17384
"r20110123.67",15584.70186300017,8.849297358166496,1.15451,-27231.64843750000,23664,1.17158
"r20110902.130",15807.09022099990,-0.7093490119995822,1.19273,12573.12597656250,24272,1.06409
"r20120215.68",15972.71506700013,4.431228481555479,1.05431,-20113.58593750000,48014,1.22692
"r20120826.159",16166.15546099981,7.811316784776075,1.19998,15154.52734375000,23690,1.10030
